file,line,before,after
plugins/hep-research/skills/detector-response/references/high_energy_detector_principles.md,27,`multiple_scattering.py`) from the accompanying `hep-analysis` skill; they are optional,`multiple_scattering.py`) from this skill's `scripts/`; they are optional
plugins/hep-research/skills/hep-analysis/references/hep-analysis-guide.md,94,"| Drawing an analysis-pipeline, Monte Carlo chain, region/likelihood workflow, detector schematic, or decay-tree figure (structural diagram, not a data plot) | the `academic-diagrams` skill, when installed |","| Drawing an analysis-pipeline, Monte Carlo chain, region/likelihood workflow, detector schematic, or decay-tree figure (structural diagram, not a data plot) | `research-communication` ([academic-diagrams-guide.md](../../research-communication/references/academic-diagrams-guide.md)) |"
plugins/hep-research/skills/hep-analysis/references/hep-analysis-guide.md,119,"| AMS-02 overview only: how tracker/TRD/TOF/RICH/ACC/ECAL combine, orbital/solar-cycle systematics, rare-species ratio pattern. For AMS-specific design, review, published results or ""latest"" checks use the `ams-analysis` skill if installed | [AMS-02 case study](../../../profiles/experiments/ams-02/modules/subsystems/instrument-overview.md); `ams-analysis` (sibling skill) |","| Experiment-specific instrument overview, analysis practice, published results and ""latest"" checks | The bound experiment profile's `index.md` (profiles are listed in `${CLAUDE_PLUGIN_ROOT}/profiles/registry.json`) |"
plugins/hep-research/skills/hep-analysis/references/hep-analysis-guide.md,132,"| Authoring a canonical worked example (Contrast, Execution Trajectory, Gated Pipeline, Decision-Tree, Interactive Elicitation, Adversarial Audit, Test-First, or Postmortem archetype) for `examples/` | `task-authoring`'s [example-authoring reference](../../hep-computing/references/example-authoring.md) (requires `task-authoring` installed alongside this skill) |","| Authoring a canonical worked example (Contrast, Execution Trajectory, Gated Pipeline, Decision-Tree, Interactive Elicitation, Adversarial Audit, Test-First, or Postmortem archetype) for `examples/` | `hep-computing`'s [example-authoring reference](../../hep-computing/references/example-authoring.md) |"
plugins/hep-research/skills/hep-analysis/references/hep-analysis-guide.md,181,- `${CLAUDE_PLUGIN_ROOT}/tests/skills/detector_response/test_hep_analysis_helpers.py`: standard-library tests for `audit_histograms.py`/`counting_reference.py`/`tag_and_probe_efficiency.py`/`pileup_reweight.py`. Run `python3 -m unittest discover -s tests -v`.,- `${CLAUDE_PLUGIN_ROOT}/tests/skills/detector_response/test_hep_analysis_helpers.py`: standard-library tests for `audit_histograms.py`/`counting_reference.py`/`tag_and_probe_efficiency.py`/`pileup_reweight.py`. Run `python3 -m unittest discover -s tests -t .` from the plugin root.
plugins/hep-research/skills/hep-analysis/references/hep-analysis-guide.md,188,"Resolve relative paths from the skill directory. Read a script's `--help` before use. Write outputs to the appropriate user-project location. Use the project's existing ROOT/PyROOT/uproot/pyhf environment; loading this skill needs no software install, but PyROOT-dependent scripts above need PyROOT. When a script's output (branch/key listings, bin-by-bin diffs, workspace contents) is large, summarize it: report counts and the top ~20 offending/differing entries rather than the full dump.","Resolve relative paths from this file's directory (script paths are given from `${CLAUDE_PLUGIN_ROOT}`). Read a script's `--help` before use. Write outputs to the appropriate user-project location. Use the project's existing ROOT/PyROOT/uproot/pyhf environment; loading this skill needs no software install, but PyROOT-dependent scripts above need PyROOT. When a script's output (branch/key listings, bin-by-bin diffs, workspace contents) is large, summarize it: report counts and the top ~20 offending/differing entries rather than the full dump."
plugins/hep-research/skills/hep-analysis/templates/cosmic_ray_spectrum.example.json,2,"  ""description"": ""Synthetic broken-power-law cosmic-ray flux for cr_spectrum_powerlaw_fit.py. Generated exactly from index 2.7 below and 3.1 above a break at 4e15 eV (illustrative of a 'knee'-like feature; see references/32-cosmic-ray-spectrum-and-composition.md), with no added scatter, so a segmented fit recovers both indices and the index change to numerical precision. Illustrative only - not a measurement of any real spectrum."",","  ""description"": ""Synthetic broken-power-law cosmic-ray flux for cr_spectrum_powerlaw_fit.py. Generated exactly from index 2.7 below and 3.1 above a break at 4e15 eV (illustrative of a 'knee'-like feature; see skills/detector-response/references/30-cosmic-ray-spectrum-and-composition.md), with no added scatter, so a segmented fit recovers both indices and the index change to numerical precision. Illustrative only - not a measurement of any real spectrum."","
plugins/hep-research/skills/hep-computing/references/agile-development-guide.md,176,"  domain skills (e.g. `deep-learning`, `hep-analysis`) for specialized code.","  domain skills (e.g. `physics-ml`, `hep-analysis`) for specialized code."
plugins/hep-research/skills/hep-computing/references/example-authoring.md,6-7,"or ""add a canonical example"" (in any archetype) for `task-authoring` itself
or for another installed skill.","or ""add a canonical example"" (in any archetype) for `hep-computing` itself
or for another skill."
plugins/hep-research/skills/hep-computing/references/example-authoring.md,175,   `agile-development`'s `create_story_card.py` scaffolds a story card without,   `hep-computing`'s `create_story_card.py` scaffolds a story card without
plugins/hep-research/skills/hep-computing/references/example-authoring.md,310,"`deep-learning` example's code actually runs, or that Gated Pipeline's Phase 2","`physics-ml` example's code actually runs, or that Gated Pipeline's Phase 2"
plugins/hep-research/skills/hep-computing/references/example-authoring.md,331,This reference lives only in `task-authoring` and is shared by cross-link,This reference lives only in `hep-computing` and is shared by cross-link
plugins/hep-research/skills/hep-computing/references/example-authoring.md,333-336,"References""-equivalent section points back here. That means a skill installed
without `task-authoring` alongside it cannot use this capability; call that
out explicitly wherever the pointer is added, matching how this repository's
root README already documents partial installs as supported.","References""-equivalent section points back here. The plugin ships every skill
together, so the pointer always resolves."
plugins/hep-research/skills/hep-computing/references/numerical-and-computational-methods.md,8-9,"`agile-development`; running the actual physics fit or ML training belongs to
`hep-analysis`/`deep-learning`. **A numerical result is not validated merely","[agile-development-guide.md](agile-development-guide.md); running the actual physics fit or ML training belongs to
`hep-statistics`/`physics-ml`. **A numerical result is not validated merely"
plugins/hep-research/skills/hep-computing/references/numerical-and-computational-methods.md,106,`agile-development`:,[agile-development-guide.md](agile-development-guide.md):
plugins/hep-research/skills/hep-computing/references/numerical-and-computational-methods.md,110,"| Code architecture, service boundaries, deployment | `agile-development` |","| Code architecture, service boundaries, deployment | [agile-development-guide.md](agile-development-guide.md) |"
plugins/hep-research/skills/hep-computing/references/numerical-and-computational-methods.md,113,| General CI/testing practice for a codebase | `agile-development` |,| General CI/testing practice for a codebase | [agile-development-guide.md](agile-development-guide.md) |
plugins/hep-research/skills/hep-computing/references/numerical-and-computational-methods.md,147,"matched-budget comparison itself, hand off to `deep-learning`; for a physics","matched-budget comparison itself, hand off to `physics-ml`; for a physics"
plugins/hep-research/skills/hep-computing/references/prompt-engineering-and-token-optimization.md,39,  boundary-validation habit as `agile-development`'s risk-and-quality.md's,  boundary-validation habit as [risk-and-quality.md](risk-and-quality.md)'s
plugins/hep-research/skills/hep-computing/references/prompt-engineering-and-token-optimization.md,45,  `agile-development`'s risk-and-quality.md treats a prompt's instructions as,  [risk-and-quality.md](risk-and-quality.md) treats a prompt's instructions as
plugins/hep-research/skills/hep-computing/references/prompt-engineering-and-token-optimization.md,52-53,"  part of its acceptance criteria, the same way `agile-development`'s
  risk-and-quality.md's Performance section treats a latency or query-count","  part of its acceptance criteria, the same way
  [risk-and-quality.md](risk-and-quality.md)'s Performance section treats a latency or query-count"
plugins/hep-research/skills/hep-computing/references/prompt-engineering-and-token-optimization.md,103-104,"  decision, not a token-budgeting one - use `agile-development`'s
  software-architecture.md's architecture-drivers framework and ""comparing","  decision, not a token-budgeting one - use
  [software-architecture.md](software-architecture.md)'s architecture-drivers framework and ""comparing"
plugins/hep-research/skills/hep-computing/references/prompt-engineering-and-token-optimization.md,130,`agile-development`'s,
plugins/hep-research/skills/hep-computing/references/prompt-engineering-and-token-optimization.md,132,section (requires `agile-development` installed alongside this skill) - keep,section - keep
plugins/hep-research/skills/hep-computing/references/prompt-engineering-and-token-optimization.md,153,  existing numbers - see `agile-development`'s Decision Rules on writing the,  existing numbers - see [agile-development-guide.md](agile-development-guide.md)'s Decision Rules on writing the
plugins/hep-research/skills/hep-computing/references/task-authoring-guide.md,63,1. Read the relevant task-authoring skill or reference before drafting.,1. Read the relevant task-authoring guide or reference before drafting.
plugins/hep-research/skills/hep-computing/references/task-authoring-guide.md,139,  `agile-development` (or a domain skill); do not write the implementation,  [agile-development-guide.md](agile-development-guide.md) (or a domain skill); do not write the implementation
plugins/hep-research/skills/hep-computing/references/task-authoring-guide.md,165,  pair it with `agile-development` (or a domain skill) once the generated,  pair it with [agile-development-guide.md](agile-development-guide.md) (or a domain skill) once the generated
plugins/hep-research/skills/hep-computing/references/task-authoring-guide.md,186,"  trajectory for `agile-development/examples/`."" (Execution Trajectory archetype)","  trajectory for `hep-computing/examples/`."" (Execution Trajectory archetype)"
plugins/hep-research/skills/hep-statistics/references/09-statistical-tools.md,49,"python3 legacy hep-analysis/assets/end_to_end_sample_analysis.py at agentic-ai-skills@3e995a4 --outdir demo_out   # full chain, needs numpy + pyhf",# end-to-end sample analysis: deferred to the M3 example; not shipped yet
plugins/hep-research/skills/physics-ml/references/20-multivariate-analysis-bdt-nn.md,97,  `deep-learning` for general PyTorch training-loop and debugging practices (NaN,  [deep-learning-guide.md](deep-learning-guide.md) for general PyTorch training-loop and debugging practices (NaN
plugins/hep-research/skills/physics-ml/references/deep-learning-guide.md,173,"- **LibTorch, custom ops, CUDA/C++ extensions** -> [agile-development's C++ design guidelines](../../hep-computing/references/cpp-balanced-design-guidelines.md) (not vendored here; see legacy deep-learning/README.md at agentic-ai-skills@3e995a4 for the cross-skill dependency note)","- **LibTorch, custom ops, CUDA/C++ extensions** -> [hep-computing's C++ design guidelines](../../hep-computing/references/cpp-balanced-design-guidelines.md) (not vendored here; see legacy deep-learning/README.md at agentic-ai-skills@3e995a4 for the cross-skill dependency note)"
plugins/hep-research/skills/physics-ml/references/deep-learning-guide.md,177,  `task-authoring`'s,  `hep-computing`'s
plugins/hep-research/skills/physics-ml/references/deep-learning-guide.md,179,  (requires `task-authoring` installed alongside this skill),
plugins/hep-research/skills/physics-ml/references/deep-learning-guide.md,313,  `agile-development`.,  `hep-computing` ([agile-development-guide.md](../../hep-computing/references/agile-development-guide.md)).
plugins/hep-research/skills/research-communication/references/13-sources.md,85,    ledger entries are claims C101-C102 in `ams-analysis`. Re-check after that.,    ledger entries are claims C101-C102 in the bound experiment profile (see the context-resolution steps in the skill's SKILL.md; profiles are listed in `${CLAUDE_PLUGIN_ROOT}/profiles/registry.json`). Re-check after that.
plugins/hep-research/skills/research-communication/references/academic-diagrams-guide.md,18-20,"`academic-papers` (`figures-and-tables.md` there). Division of labor with
`academic-papers`: it owns the scientific narrative and method interpretation; this
skill owns diagram selection, abstraction, specification, validation, and captions.","[figures-and-tables.md](figures-and-tables.md). Division of labor with
[academic-papers-guide.md](academic-papers-guide.md): it owns the scientific narrative and method interpretation; this
guide owns diagram selection, abstraction, specification, validation, and captions."
plugins/hep-research/skills/research-communication/references/academic-papers-guide.md,20,and astroparticle statistics) and `deep-learning` (the ML/statistical rigor itself:,and astroparticle statistics) and `physics-ml` (the ML/statistical rigor itself:
plugins/hep-research/skills/research-communication/references/academic-papers-guide.md,25,`hep-analysis` or `deep-learning` first.,`hep-statistics` or `physics-ml` first.
plugins/hep-research/skills/research-communication/references/academic-papers-guide.md,38-39,"   the user did not supply is analysis output: hand it to `hep-analysis`
   (pyhf/Combine/RooStats) or `deep-learning`, and write `[VALUE NEEDED: 95% CL CLs","   the user did not supply is analysis output: hand it to `hep-statistics`
   (pyhf/Combine/RooStats) or `physics-ml`, and write `[VALUE NEEDED: 95% CL CLs"
plugins/hep-research/skills/research-communication/references/academic-papers-guide.md,133-135,"setting, unfolding — `hep-analysis`; ablations, seed variance, proving an ML result
is real — `deep-learning`), AMS-02 data analysis (`ams-analysis`), or drawing a
schematic or diagram (`academic-diagrams`). Do reach for it the moment that work needs to be","setting, unfolding — `hep-statistics`; ablations, seed variance, proving an ML result
is real — `physics-ml`), AMS-02 data analysis (the bound experiment profile (see the context-resolution steps in the skill's SKILL.md; profiles are listed in `${CLAUDE_PLUGIN_ROOT}/profiles/registry.json`)), or drawing a
schematic or diagram ([academic-diagrams-guide.md](academic-diagrams-guide.md)). Do reach for it the moment that work needs to be"
plugins/hep-research/skills/research-communication/references/academic-papers-guide.md,176-177,"- **Reproducibility auditing** — trace results to methods/data/code/config/execution evidence; distinguish documentation inspection from an actual rerun (hand execution to `hep-analysis`/`deep-learning`): `reproducibility-auditing.md`
- **Code review report** — paper-to-code alignment, documentation, packaging, severity-ranked findings; distinct from reproducibility auditing, delegates framework correctness to `deep-learning`/`hep-analysis`: `code-review-report.md`","- **Reproducibility auditing** — trace results to methods/data/code/config/execution evidence; distinguish documentation inspection from an actual rerun (hand execution to `hep-analysis`/`physics-ml`): `reproducibility-auditing.md`
- **Code review report** — paper-to-code alignment, documentation, packaging, severity-ranked findings; distinct from reproducibility auditing, delegates framework correctness to `physics-ml`/`hep-analysis`: `code-review-report.md`"
plugins/hep-research/skills/research-communication/references/academic-papers-guide.md,426,  `hep-analysis`/`deep-learning` where applicable; template skeleton in,  `hep-analysis`/`physics-ml` where applicable; template skeleton in
plugins/hep-research/skills/research-communication/references/astroparticle-and-cosmic-ray-papers.md,9,"physics, statistics for point-source searches) is `hep-analysis`'s domain — see its","physics, statistics for point-source searches) is `detector-response`'s domain (statistics: `hep-statistics`) — see their"
plugins/hep-research/skills/research-communication/references/astroparticle-and-cosmic-ray-papers.md,208-209,"analysis techniques, and results themselves), see `hep-analysis`'s dedicated case
study — this section is only about the publication pattern.","analysis techniques, and results themselves), see the bound experiment profile (see the context-resolution steps in the skill's SKILL.md; profiles are listed in `${CLAUDE_PLUGIN_ROOT}/profiles/registry.json`) — this section is only about the publication pattern."
plugins/hep-research/skills/research-communication/references/astroparticle-and-cosmic-ray-papers.md,239,  exposure ratio alpha used. Computing it belongs to `hep-analysis`.,  exposure ratio alpha used. Computing it belongs to `hep-statistics`.
plugins/hep-research/skills/research-communication/references/code-review-report.md,47,"  `deep-learning` for correctness, numerical stability, and performance","  `physics-ml` for correctness, numerical stability, and performance"
plugins/hep-research/skills/research-communication/references/code-to-methodology-synthesis.md,43,verification: PyTorch model/training/data-pipeline code to `deep-learning`;,verification: PyTorch model/training/data-pipeline code to `physics-ml`;
plugins/hep-research/skills/research-communication/references/computer-science.md,93-94,"For implementing or debugging the systems themselves see `deep-learning` (PyTorch) and
`agile-development` (architecture/ADR guidance).","For implementing or debugging the systems themselves see `physics-ml` (PyTorch) and
`hep-computing` (architecture/ADR guidance)."
plugins/hep-research/skills/research-communication/references/figures-and-tables.md,49,"| Workflow, pipeline, architecture, graphical model, causal DAG, detector schematic, decay tree | A structural diagram as editable text (Mermaid, Graphviz, TikZ), not a data plot - use the `academic-diagrams` skill when installed |","| Workflow, pipeline, architecture, graphical model, causal DAG, detector schematic, decay tree | A structural diagram as editable text (Mermaid, Graphviz, TikZ), not a data plot - use [academic-diagrams-guide.md](academic-diagrams-guide.md) |"
plugins/hep-research/skills/research-communication/references/figures-and-tables.md,53,"| Isolating which component caused an improvement | Ablation table: one row per component removed/added, same metric column(s) as the main results table — see `deep-learning`'s `../../physics-ml/references/ablation-and-design-review.md` for how to design the ablation itself |","| Isolating which component caused an improvement | Ablation table: one row per component removed/added, same metric column(s) as the main results table — see `physics-ml`'s `../../physics-ml/references/ablation-and-design-review.md` for how to design the ablation itself |"
plugins/hep-research/skills/research-communication/references/high-energy-physics.md,109,for AMS-02 specifics use `ams-analysis`.,for AMS-02 specifics use the bound experiment profile (see the context-resolution steps in the skill's SKILL.md; profiles are listed in `${CLAUDE_PLUGIN_ROOT}/profiles/registry.json`).
plugins/hep-research/skills/research-communication/references/probability-statistics.md,100,"For statistical *analysis*/code (fits, limits, unfolding) see `hep-analysis` and `deep-learning`","For statistical *analysis*/code (fits, limits, unfolding) see `hep-statistics` and `physics-ml`"
plugins/hep-research/skills/research-communication/references/scientific-style.md,112,  `deep-learning`'s `../../physics-ml/references/ablation-and-design-review.md`); a claim of outperforming an,  `physics-ml`'s `../../physics-ml/references/ablation-and-design-review.md`); a claim of outperforming an
plugins/hep-research/skills/research-communication/references/statistics-and-ml-papers.md,10,noise) is `deep-learning`'s domain — see its `../../physics-ml/references/ablation-and-design-review.md` and,noise) is `physics-ml`'s domain — see its `../../physics-ml/references/ablation-and-design-review.md` and
plugins/hep-research/skills/research-communication/references/statistics-and-ml-papers.md,187,  under-tuned baseline from an older paper? See `deep-learning`'s,  under-tuned baseline from an older paper? See `physics-ml`'s
plugins/hep-research/skills/research-communication/templates/ml-pipeline.md,5,"For the model *itself* (layers, attention) use the model-architecture guidance in `../references/computer-science.md`; for the PyTorch code use `deep-learning`.","For the model *itself* (layers, attention) use the model-architecture guidance in `../references/computer-science.md`; for the PyTorch code use `physics-ml`."
